[
  {
    "id": "9592a3f9-1ac8-4c3e-961b-074c0ee02e8b",
    "data": [
      {
        "text": "where is it displayed?",
        "userDefined": false
      }
    ],
    "isTemplate": false,
    "count": 0,
    "lang": "en",
    "updated": 0
  },
  {
    "id": "8a1a074f-4538-4a2a-83a0-c5290bcd8ecd",
    "data": [
      {
        "text": "which hall is ",
        "userDefined": false
      },
      {
        "text": "Abstract Visions",
        "meta": "@exhibit_name",
        "alias": "exhibit_name",
        "userDefined": false
      },
      {
        "text": " in?",
        "userDefined": false
      }
    ],
    "isTemplate": false,
    "count": 0,
    "lang": "en",
    "updated": 0
  },
  {
    "id": "e26c9599-2ea0-4c36-9c23-3291d3b9f56a",
    "data": [
      {
        "text": "where is ",
        "userDefined": false
      },
      {
        "text": "Abstract Visions",
        "meta": "@exhibit_name",
        "alias": "exhibit_name",
        "userDefined": false
      },
      {
        "text": "?",
        "userDefined": false
      }
    ],
    "isTemplate": false,
    "count": 0,
    "lang": "en",
    "updated": 0
  }
]