[
  {
    "id": "c97e406e-cb1b-412b-9f0f-5aca90242ed7",
    "data": [
      {
        "text": "what are the hours?",
        "userDefined": false
      }
    ],
    "isTemplate": false,
    "count": 0,
    "lang": "en",
    "updated": 0
  },
  {
    "id": "9adecdf7-4e2b-40bf-be4e-9916bb08de12",
    "data": [
      {
        "text": "when is ",
        "userDefined": false
      },
      {
        "text": "Abstract Visions",
        "meta": "@exhibit_name",
        "alias": "exhibit_name",
        "userDefined": false
      },
      {
        "text": " open on ",
        "userDefined": false
      },
      {
        "text": "Tuesday",
        "meta": "@sys.date-time",
        "alias": "date-time",
        "userDefined": false
      },
      {
        "text": "?",
        "userDefined": false
      }
    ],
    "isTemplate": false,
    "count": 0,
    "lang": "en",
    "updated": 0
  },
  {
    "id": "21ede411-db5f-4497-8913-10a50c108b9b",
    "data": [
      {
        "text": "what are the hours for ",
        "userDefined": false
      },
      {
        "text": "Abstract Visions",
        "meta": "@exhibit_name",
        "alias": "exhibit_name",
        "userDefined": false
      },
      {
        "text": "?",
        "userDefined": false
      }
    ],
    "isTemplate": false,
    "count": 0,
    "lang": "en",
    "updated": 0
  }
]