[
  {
    "id": "478755af-1630-4e1f-bab1-fd79f20bd78b",
    "data": [
      {
        "text": "what exhibits are coming next",
        "userDefined": false
      }
    ],
    "isTemplate": false,
    "count": 0,
    "lang": "en",
    "updated": 0
  },
  {
    "id": "5311169f-fadf-4daa-9f9b-86ac5d1ad0bc",
    "data": [
      {
        "text": "show me what\u0027s opening soon",
        "userDefined": false
      }
    ],
    "isTemplate": false,
    "count": 0,
    "lang": "en",
    "updated": 0
  },
  {
    "id": "ac4454e8-3400-4d03-b2b0-4f8830a9f7fb",
    "data": [
      {
        "text": "any upcoming exhibitions?",
        "userDefined": false
      }
    ],
    "isTemplate": false,
    "count": 0,
    "lang": "en",
    "updated": 0
  },
  {
    "id": "a6669b9b-00be-4794-ada5-20dc3ddb33e7",
    "data": [
      {
        "text": "what\u0027s new?",
        "userDefined": false
      }
    ],
    "isTemplate": false,
    "count": 0,
    "lang": "en",
    "updated": 0
  }
]