[
  {
    "id": "6a87d38b-584c-45a8-9249-083bc069dd56",
    "data": [
      {
        "text": "Show me what\u0027s opening soon.",
        "userDefined": false
      }
    ],
    "isTemplate": false,
    "count": 0,
    "lang": "en",
    "updated": 0
  },
  {
    "id": "6815ecab-ef2e-4e6c-ab21-eefc419ed279",
    "data": [
      {
        "text": "Any upcoming exhibitions?•",
        "userDefined": false
      }
    ],
    "isTemplate": false,
    "count": 0,
    "lang": "en",
    "updated": 0
  },
  {
    "id": "665a8d4d-934c-44c3-9e92-5fa1329f974f",
    "data": [
      {
        "text": "What\u0027s new?",
        "userDefined": false
      }
    ],
    "isTemplate": false,
    "count": 0,
    "lang": "en",
    "updated": 0
  }
]